{
    "counter": {
        "ACTIVE": 18256,
        "INACTIVE": 2744,
        "INVALID": 0,
        "MALICIOUS": 0,
        "SANE": 0,
        "VALID": 0,
        "total": 21000
    },
    "percentage": {
        "ACTIVE": 86.93333333333334,
        "INACTIVE": 13.081617086193745,
        "INVALID": 0,
        "MALICIOUS": 0,
        "SANE": 0,
        "VALID": 0,
        "total": 100.01495041952708
    }
}