{
    "counter": {
        "ACTIVE": 11491,
        "INACTIVE": 9507,
        "INVALID": 2,
        "MALICIOUS": 0,
        "SANE": 0,
        "VALID": 0,
        "total": 21000
    },
    "percentage": {
        "ACTIVE": 54.71904761904762,
        "INACTIVE": 45.27574054671874,
        "INVALID": 0.04245383145828911,
        "MALICIOUS": 0,
        "SANE": 0,
        "VALID": 0,
        "total": 100.03724199722464
    }
}