{
    "counter": {
        "ACTIVE": 15970,
        "INACTIVE": 5030,
        "INVALID": 0,
        "MALICIOUS": 0,
        "SANE": 0,
        "VALID": 0,
        "total": 21000
    },
    "percentage": {
        "ACTIVE": 76.04761904761905,
        "INACTIVE": 23.952380952380953,
        "INVALID": 0.0,
        "MALICIOUS": 0.0,
        "SANE": 0.0,
        "VALID": 0.0,
        "total": 100.0
    }
}