{
    "counter": {
        "ACTIVE": 18724,
        "INACTIVE": 2276,
        "INVALID": 0,
        "MALICIOUS": 0,
        "SANE": 0,
        "VALID": 0,
        "total": 21000
    },
    "percentage": {
        "ACTIVE": 89.16190476190476,
        "INACTIVE": 10.864480404792591,
        "INVALID": 0,
        "MALICIOUS": 0,
        "SANE": 0,
        "VALID": 0,
        "total": 100.02638516669735
    }
}