{
    "counter": {
        "ACTIVE": 18528,
        "INACTIVE": 2472,
        "INVALID": 0,
        "MALICIOUS": 0,
        "SANE": 0,
        "VALID": 0,
        "total": 21000
    },
    "percentage": {
        "ACTIVE": 88.22857142857143,
        "INACTIVE": 11.784897025171624,
        "INVALID": 0,
        "MALICIOUS": 0,
        "SANE": 0,
        "VALID": 0,
        "total": 100.01346845374306
    }
}