{
    "counter": {
        "ACTIVE": 16873,
        "INACTIVE": 4126,
        "INVALID": 1,
        "MALICIOUS": 0,
        "SANE": 0,
        "VALID": 0,
        "total": 21000
    },
    "percentage": {
        "ACTIVE": 80.34761904761905,
        "INACTIVE": 19.655106707317074,
        "INVALID": 0.01589067217543302,
        "MALICIOUS": 0,
        "SANE": 0,
        "VALID": 0,
        "total": 100.01861642711155
    }
}