{
    "counter": {
        "ACTIVE": 19705,
        "INACTIVE": 1295,
        "INVALID": 0,
        "MALICIOUS": 0,
        "SANE": 0,
        "VALID": 0,
        "total": 21000
    },
    "percentage": {
        "ACTIVE": 93.83333333333333,
        "INACTIVE": 6.16754774491594,
        "INVALID": 0,
        "MALICIOUS": 0,
        "SANE": 0,
        "VALID": 0,
        "total": 100.00088107824926
    }
}