{
    "counter": {
        "ACTIVE": 17948,
        "INACTIVE": 3052,
        "INVALID": 0,
        "MALICIOUS": 0,
        "SANE": 0,
        "VALID": 0,
        "total": 21000
    },
    "percentage": {
        "ACTIVE": 85.46666666666667,
        "INACTIVE": 14.537486901019339,
        "INVALID": 0,
        "MALICIOUS": 0,
        "SANE": 0,
        "VALID": 0,
        "total": 100.004153567686
    }
}