{
    "counter": {
        "ACTIVE": 18039,
        "INACTIVE": 2961,
        "INVALID": 0,
        "MALICIOUS": 0,
        "SANE": 0,
        "VALID": 0,
        "total": 21000
    },
    "percentage": {
        "ACTIVE": 85.9,
        "INACTIVE": 14.116132723112129,
        "INVALID": 0,
        "MALICIOUS": 0,
        "SANE": 0,
        "VALID": 0,
        "total": 100.01613272311214
    }
}